Workbook

Sheet README
A1: Aplicación manual del algoritmo ID3 al conjunto de datos Iris
A3: Este libro usa los datos de iris.data.csv y la versión discretizada tomada como referencia de la hoja disc_a1 del archivo naive-bayes.iris.data.xlsx.
A5: Hoja | B5: Contenido
A6: iris.data | B6: Datos originales numéricos de Iris.
A7: disc_a1 | B7: Datos discretizados en chico / mediano / grande para poder aplicar ID3 con atributos categóricos.
A8: ID3_Raiz | B8: Cálculo de entropía inicial, entropías por subconjunto y ganancias de información para elegir el nodo raíz.
A9: ID3_Ramas | B9: Resumen de las ramas principales después de elegir el nodo raíz petalw.
A10: Arbol_ID3 | B10: Reglas finales del árbol de decisión construido con ID3.

Sheet iris.data
A1: sepall | B1: sepalw | C1: petall | D1: petalw | E1: clase
A2: 5.1 | B2: 3.5 | C2: 1.4 | D2: 0.2 | E2: Iris-setosa
A3: 4.9 | B3: 3 | C3: 1.4 | D3: 0.2 | E3: Iris-setosa
A4: 4.7 | B4: 3.2 | C4: 1.3 | D4: 0.2 | E4: Iris-setosa
A5: 4.6 | B5: 3.1 | C5: 1.5 | D5: 0.2 | E5: Iris-setosa
A6: 5 | B6: 3.6 | C6: 1.4 | D6: 0.2 | E6: Iris-setosa
A7: 5.4 | B7: 3.9 | C7: 1.7 | D7: 0.4 | E7: Iris-setosa
A8: 4.6 | B8: 3.4 | C8: 1.4 | D8: 0.3 | E8: Iris-setosa
A9: 5 | B9: 3.4 | C9: 1.5 | D9: 0.2 | E9: Iris-setosa
A10: 4.4 | B10: 2.9 | C10: 1.4 | D10: 0.2 | E10: Iris-setosa
A11: 4.9 | B11: 3.1 | C11: 1.5 | D11: 0.1 | E11: Iris-setosa
A12: 5.4 | B12: 3.7 | C12: 1.5 | D12: 0.2 | E12: Iris-setosa
... A151: 5.9 | B151: 3 | C151: 5.1 | D151: 1.8 | E151: Iris-virginica

Sheet disc_a1
A1: id | B1: sepall | C1: sepalw | D1: petall | E1: petalw | F1: clase
A2: 1 | B2: chico | C2: chico | D2: chico | E2: chico | F2: Iris-setosa
A3: 2 | B3: chico | C3: chico | D3: chico | E3: chico | F3: Iris-setosa
A4: 3 | B4: chico | C4: grande | D4: chico | E4: chico | F4: Iris-setosa
A5: 4 | B5: chico | C5: grande | D5: chico | E5: chico | F5: Iris-setosa
A6: 5 | B6: chico | C6: grande | D6: chico | E6: chico | F6: Iris-setosa
A7: 6 | B7: chico | C7: grande | D7: chico | E7: chico | F7: Iris-setosa
A8: 7 | B8: chico | C8: grande | D8: chico | E8: chico | F8: Iris-setosa
A9: 8 | B9: chico | C9: grande | D9: chico | E9: chico | F9: Iris-setosa
A10: 9 | B10: chico | C10: grande | D10: chico | E10: chico | F10: Iris-setosa
A11: 10 | B11: chico | C11: grande | D11: chico | E11: chico | F11: Iris-setosa
A12: 11 | B12: chico | C12: grande | D12: chico | E12: chico | F12: Iris-setosa
A13: 12 | B13: chico | C13: grande | D13: chico | E13: chico | F13: Iris-setosa
... A151: 150 | B151: mediano | C151: mediano | D151: mediano | E151: mediano | F151: Iris-versicolor

Sheet ID3_Raiz
A1: Paso 1: entropía inicial y ganancia de información para elegir el nodo raíz
A3: Clase | B3: Conteo
A4: Iris-setosa | B4: =COUNTIF(disc_a1!$F$2:$F$151,A4) -> 50
A5: Iris-virginica | B5: =COUNTIF(disc_a1!$F$2:$F$151,A5) -> 50
A6: Iris-versicolor | B6: =COUNTIF(disc_a1!$F$2:$F$151,A6) -> 50
A7: Total | B7: =SUM(B4:B6) -> 150
A8: Entropía(S) | B8: =-(B4/B7)*LOG(B4/B7,2)-(B5/B7)*LOG(B5/B7,2)-(B6/B7)*LOG(B6/B7,2) -> 1.5849625
A9: Nodo raíz elegido | B9: petalw
A11: Atributo | B11: Valor | C11: Total Sv | D11: Setosa | E11: Virginica | F11: Versicolor | G11: Entropía(Sv) | H11: Peso |Sv|/|S| | I11: Peso*Entropía
A12: sepall | B12: chico | C12: =COUNTIF(disc_a1!$B$2:$B$151,B12) -> 52 | D12: =COUNTIFS(disc_a1!$B$2:$B$151,$B12,disc_a1!$F$2:$F$151,"Iris-setosa") -> 45 | E12: =COUNTIFS(disc_a1!$B$2:$B$151,$B12,disc_a1!$F$2:$F$151,"Iris-virginica") -> 1 | F12: =COUNTIFS(disc_a1!$B$2:$B$151,$B12,disc_a1!$F$2:$F$151,"Iris-versicolor") -> 6 | G12: =IF(C12=0,0,IF(D12=0,0,-(D12/C12)*LOG(D12/C12,2))+IF(E12=0,0,-(E12/C12)*LOG(E12/C12,2))+IF(F12=0,0,-(F12/C12)*LOG(F12/C12,2))) -> 0.64960963 | H12: =C12/$B$7 -> 0.34666667 | I12: =H12*G12 -> 0.22519801
A13: sepall | B13: mediano | C13: =COUNTIF(disc_a1!$B$2:$B$151,B13) -> 47 | D13: =COUNTIFS(disc_a1!$B$2:$B$151,$B13,disc_a1!$F$2:$F$151,"Iris-setosa") -> 5 | E13: =COUNTIFS(disc_a1!$B$2:$B$151,$B13,disc_a1!$F$2:$F$151,"Iris-virginica") -> 12 | F13: =COUNTIFS(disc_a1!$B$2:$B$151,$B13,disc_a1!$F$2:$F$151,"Iris-versicolor") -> 30 | G13: =IF(C13=0,0,IF(D13=0,0,-(D13/C13)*LOG(D13/C13,2))+IF(E13=0,0,-(E13/C13)*LOG(E13/C13,2))+IF(F13=0,0,-(F13/C13)*LOG(F13/C13,2))) -> 1.2602078 | H13: =C13/$B$7 -> 0.31333333 | I13: =H13*G13 -> 0.39486512
A14: sepall | B14: grande | C14: =COUNTIF(disc_a1!$B$2:$B$151,B14) -> 51 | D14: =COUNTIFS(disc_a1!$B$2:$B$151,$B14,disc_a1!$F$2:$F$151,"Iris-setosa") -> 0 | E14: =COUNTIFS(disc_a1!$B$2:$B$151,$B14,disc_a1!$F$2:$F$151,"Iris-virginica") -> 37 | F14: =COUNTIFS(disc_a1!$B$2:$B$151,$B14,disc_a1!$F$2:$F$151,"Iris-versicolor") -> 14 | G14: =IF(C14=0,0,IF(D14=0,0,-(D14/C14)*LOG(D14/C14,2))+IF(E14=0,0,-(E14/C14)*LOG(E14/C14,2))+IF(F14=0,0,-(F14/C14)*LOG(F14/C14,2))) -> 0.84786175 | H14: =C14/$B$7 -> 0.34 | I14: =H14*G14 -> 0.28827299
A15: sepalw | B15: chico | C15: =COUNTIF(disc_a1!$C$2:$C$151,B15) -> 57 | D15: =COUNTIFS(disc_a1!$C$2:$C$151,$B15,disc_a1!$F$2:$F$151,"Iris-setosa") -> 2 | E15: =COUNTIFS(disc_a1!$C$2:$C$151,$B15,disc_a1!$F$2:$F$151,"Iris-virginica") -> 21 | F15: =COUNTIFS(disc_a1!$C$2:$C$151,$B15,disc_a1!$F$2:$F$151,"Iris-versicolor") -> 34 | G15: =IF(C15=0,0,IF(D15=0,0,-(D15/C15)*LOG(D15/C15,2))+IF(E15=0,0,-(E15/C15)*LOG(E15/C15,2))+IF(F15=0,0,-(F15/C15)*LOG(F15/C15,2))) -> 1.1449531 | H15: =C15/$B$7 -> 0.38 | I15: =H15*G15 -> 0.43508219
A16: sepalw | B16: mediano | C16: =COUNTIF(disc_a1!$C$2:$C$151,B16) -> 51 | D16: =COUNTIFS(disc_a1!$C$2:$C$151,$B16,disc_a1!$F$2:$F$151,"Iris-setosa") -> 16 | E16: =COUNTIFS(disc_a1!$C$2:$C$151,$B16,disc_a1!$F$2:$F$151,"Iris-virginica") -> 21 | F16: =COUNTIFS(disc_a1!$C$2:$C$151,$B16,disc_a1!$F$2:$F$151,"Iris-versicolor") -> 14 | G16: =IF(C16=0,0,IF(D16=0,0,-(D16/C16)*LOG(D16/C16,2))+IF(E16=0,0,-(E16/C16)*LOG(E16/C16,2))+IF(F16=0,0,-(F16/C16)*LOG(F16/C16,2))) -> 1.5637658 | H16: =C16/$B$7 -> 0.34 | I16: =H16*G16 -> 0.53168038
A17: sepalw | B17: grande | C17: =COUNTIF(disc_a1!$C$2:$C$151,B17) -> 42 | D17: =COUNTIFS(disc_a1!$C$2:$C$151,$B17,disc_a1!$F$2:$F$151,"Iris-setosa") -> 32 | E17: =COUNTIFS(disc_a1!$C$2:$C$151,$B17,disc_a1!$F$2:$F$151,"Iris-virginica") -> 8 | F17: =COUNTIFS(disc_a1!$C$2:$C$151,$B17,disc_a1!$F$2:$F$151,"Iris-versicolor") -> 2 | G17: =IF(C17=0,0,IF(D17=0,0,-(D17/C17)*LOG(D17/C17,2))+IF(E17=0,0,-(E17/C17)*LOG(E17/C17,2))+IF(F17=0,0,-(F17/C17)*LOG(F17/C17,2))) -> 0.96374599 | H17: =C17/$B$7 -> 0.28 | I17: =H17*G17 -> 0.26984888
A18: petall | B18: chico | C18: =COUNTIF(disc_a1!$D$2:$D$151,B18) -> 51 | D18: =COUNTIFS(disc_a1!$D$2:$D$151,$B18,disc_a1!$F$2:$F$151,"Iris-setosa") -> 50 | E18: =COUNTIFS(disc_a1!$D$2:$D$151,$B18,disc_a1!$F$2:$F$151,"Iris-virginica") -> 0 | F18: =COUNTIFS(disc_a1!$D$2:$D$151,$B18,disc_a1!$F$2:$F$151,"Iris-versicolor") -> 1 | G18: =IF(C18=0,0,IF(D18=0,0,-(D18/C18)*LOG(D18/C18,2))+IF(E18=0,0,-(E18/C18)*LOG(E18/C18,2))+IF(F18=0,0,-(F18/C18)*LOG(F18/C18,2))) -> 0.139233 | H18: =C18/$B$7 -> 0.34 | I18: =H18*G18 -> 0.04733922
A19: petall | B19: mediano | C19: =COUNTIF(disc_a1!$D$2:$D$151,B19) -> 48 | D19: =COUNTIFS(disc_a1!$D$2:$D$151,$B19,disc_a1!$F$2:$F$151,"Iris-setosa") -> 0 | E19: =COUNTIFS(disc_a1!$D$2:$D$151,$B19,disc_a1!$F$2:$F$151,"Iris-virginica") -> 3 | F19: =COUNTIFS(disc_a1!$D$2:$D$151,$B19,disc_a1!$F$2:$F$151,"Iris-versicolor") -> 45 | G19: =IF(C19=0,0,IF(D19=0,0,-(D19/C19)*LOG(D19/C19,2))+IF(E19=0,0,-(E19/C19)*LOG(E19/C19,2))+IF(F19=0,0,-(F19/C19)*LOG(F19/C19,2))) -> 0.33729007 | H19: =C19/$B$7 -> 0.32 | I19: =H19*G19 -> 0.10793282
A20: petall | B20: grande | C20: =COUNTIF(disc_a1!$D$2:$D$151,B20) -> 51 | D20: =COUNTIFS(disc_a1!$D$2:$D$151,$B20,disc_a1!$F$2:$F$151,"Iris-setosa") -> 0 | E20: =COUNTIFS(disc_a1!$D$2:$D$151,$B20,disc_a1!$F$2:$F$151,"Iris-virginica") -> 47 | F20: =COUNTIFS(disc_a1!$D$2:$D$151,$B20,disc_a1!$F$2:$F$151,"Iris-versicolor") -> 4 | G20: =IF(C20=0,0,IF(D20=0,0,-(D20/C20)*LOG(D20/C20,2))+IF(E20=0,0,-(E20/C20)*LOG(E20/C20,2))+IF(F20=0,0,-(F20/C20)*LOG(F20/C20,2))) -> 0.39662777 | H20: =C20/$B$7 -> 0.34 | I20: =H20*G20 -> 0.13485344
A21: petalw | B21: chico | C21: =COUNTIF(disc_a1!$E$2:$E$151,B21) -> 50 | D21: =COUNTIFS(disc_a1!$E$2:$E$151,$B21,disc_a1!$F$2:$F$151,"Iris-setosa") -> 50 | E21: =COUNTIFS(disc_a1!$E$2:$E$151,$B21,disc_a1!$F$2:$F$151,"Iris-virginica") -> 0 | F21: =COUNTIFS(disc_a1!$E$2:$E$151,$B21,disc_a1!$F$2:$F$151,"Iris-versicolor") -> 0 | G21: =IF(C21=0,0,IF(D21=0,0,-(D21/C21)*LOG(D21/C21,2))+IF(E21=0,0,-(E21/C21)*LOG(E21/C21,2))+IF(F21=0,0,-(F21/C21)*LOG(F21/C21,2))) -> 0 | H21: =C21/$B$7 -> 0.33333333 | I21: =H21*G21 -> 0
A22: petalw | B22: mediano | C22: =COUNTIF(disc_a1!$E$2:$E$151,B22) -> 48 | D22: =COUNTIFS(disc_a1!$E$2:$E$151,$B22,disc_a1!$F$2:$F$151,"Iris-setosa") -> 0 | E22: =COUNTIFS(disc_a1!$E$2:$E$151,$B22,disc_a1!$F$2:$F$151,"Iris-virginica") -> 3 | F22: =COUNTIFS(disc_a1!$E$2:$E$151,$B22,disc_a1!$F$2:$F$151,"Iris-versicolor") -> 45 | G22: =IF(C22=0,0,IF(D22=0,0,-(D22/C22)*LOG(D22/C22,2))+IF(E22=0,0,-(E22/C22)*LOG(E22/C22,2))+IF(F22=0,0,-(F22/C22)*LOG(F22/C22,2))) -> 0.33729007 | H22: =C22/$B$7 -> 0.32 | I22: =H22*G22 -> 0.10793282
A23: petalw | B23: grande | C23: =COUNTIF(disc_a1!$E$2:$E$151,B23) -> 52 | D23: =COUNTIFS(disc_a1!$E$2:$E$151,$B23,disc_a1!$F$2:$F$151,"Iris-setosa") -> 0 | E23: =COUNTIFS(disc_a1!$E$2:$E$151,$B23,disc_a1!$F$2:$F$151,"Iris-virginica") -> 47 | F23: =COUNTIFS(disc_a1!$E$2:$E$151,$B23,disc_a1!$F$2:$F$151,"Iris-versicolor") -> 5 | G23: =IF(C23=0,0,IF(D23=0,0,-(D23/C23)*LOG(D23/C23,2))+IF(E23=0,0,-(E23/C23)*LOG(E23/C23,2))+IF(F23=0,0,-(F23/C23)*LOG(F23/C23,2))) -> 0.45668363 | H23: =C23/$B$7 -> 0.34666667 | I23: =H23*G23 -> 0.15831699
A26: Atributo | B26: Entropía(S) | C26: Suma ponderada | D26: Gain(S,A)
A27: sepall | B27: =$B$8 -> 1.5849625 | C27: =SUMIF($A$12:$A$23,A27,$I$12:$I$23) -> 0.90833612 | D27: =B27-C27 -> 0.67662638
A28: sepalw | B28: =$B$8 -> 1.5849625 | C28: =SUMIF($A$12:$A$23,A28,$I$12:$I$23) -> 1.2366115 | D28: =B28-C28 -> 0.34835105
A29: petall | B29: =$B$8 -> 1.5849625 | C29: =SUMIF($A$12:$A$23,A29,$I$12:$I$23) -> 0.29012548 | D29: =B29-C29 -> 1.294837
A30: petalw | B30: =$B$8 -> 1.5849625 | C30: =SUMIF($A$12:$A$23,A30,$I$12:$I$23) -> 0.26624981 | D30: =B30-C30 -> 1.3187127
A32: Mayor ganancia | B32: =MAX(D27:D30) -> 1.3187127 | C32: Nodo raíz | D32: =INDEX(A27:A30,MATCH(B32,D27:D30,0)) -> petalw

Sheet ID3_Ramas
A1: Paso 2: resumen de ramas principales del árbol ID3
A3: Rama/Subrama | B3: n | C3: Conteos por clase | D3: Tipo | E3: Atributo / Clase elegida | F3: Entropía base | G3: Suma ponderada | H3: Ganancia
A4: petalw=chico | B4: 50 | C4: setosa=50 | D4: HOJA | E4: Iris-setosa
A5: petalw=mediano | B5: 48 | C5: versicolor=45, virginica=3 | D5: DIVIDIR | E5: petall | F5: 0.33729007
D6: Gain(sepall) | E6: sepall | F6: 0.33729007 | G6: 0.3247011 | H6: 0.01258897
D7: Gain(sepalw) | E7: sepalw | F7: 0.33729007 | G7: 0.31036264 | H7: 0.026927429
D8: Gain(petall) | E8: petall | F8: 0.33729007 | G8: 0.10114069 | H8: 0.23614938
A9: petall=chico | B9: 1 | C9: versicolor=1 | D9: Hoja Iris-versicolor | E9: Iris-versicolor | F9: 0
A10: petall=mediano | B10: 42 | C10: versicolor=42 | D10: Hoja Iris-versicolor | E10: Iris-versicolor | F10: 0
A11: petall=grande | B11: 5 | C11: versicolor=2, virginica=3 | D11: Continuar / mayoría | E11: Iris-virginica | F11: 0.97095059
A12: petalw=grande | B12: 52 | C12: virginica=47, versicolor=5 | D12: DIVIDIR | E12: petall | F12: 0.45668363
D13: Gain(sepall) | E13: sepall | F13: 0.45668363 | G13: 0.41222103 | H13: 0.044462606
D14: Gain(sepalw) | E14: sepalw | F14: 0.45668363 | G14: 0.43604832 | H14: 0.020635309
D15: Gain(petall) | E15: petall | F15: 0.45668363 | G15: 0.3436319 | H15: 0.11305173
A16: petall=mediano | B16: 6 | C16: virginica=3, versicolor=3 | D16: Continuar / mayoría | E16: Iris-virginica | F16: 1
A17: petall=grande | B17: 46 | C17: virginica=44, versicolor=2 | D17: Continuar / mayoría | E17: Iris-virginica | F17: 0.25801867

Sheet Arbol_ID3
A1: Árbol de decisión ID3 obtenido para Iris discretizado
A3: Condición | B3: Clase predicha | C3: n | D3: Distribución de clases
A4: petalw = chico | B4: Iris-setosa | C4: 50 | D4: setosa=50
A5: petalw = mediano Y petall = chico | B5: Iris-versicolor | C5: 1 | D5: versicolor=1
A6: petalw = mediano Y petall = mediano | B6: Iris-versicolor | C6: 42 | D6: versicolor=42
A7: petalw = mediano Y petall = grande Y sepall = mediano | B7: Iris-virginica | C7: 2 | D7: virginica=2
A8: petalw = mediano Y petall = grande Y sepall = grande Y sepalw = chico | B8: Iris-versicolor | C8: 2 | D8: versicolor=1, virginica=1
A9: petalw = mediano Y petall = grande Y sepall = grande Y sepalw = mediano | B9: Iris-versicolor | C9: 1 | D9: versicolor=1
A10: petalw = grande Y petall = mediano Y sepalw = chico | B10: Iris-virginica | C10: 2 | D10: virginica=2
A11: petalw = grande Y petall = mediano Y sepalw = mediano Y sepall = mediano | B11: Iris-versicolor | C11: 2 | D11: versicolor=1, virginica=1
A12: petalw = grande Y petall = mediano Y sepalw = grande | B12: Iris-versicolor | C12: 2 | D12: versicolor=2
A13: petalw = grande Y petall = grande Y sepall = mediano Y sepalw = chico | B13: Iris-virginica | C13: 6 | D13: versicolor=1, virginica=5
A14: petalw = grande Y petall = grande Y sepall = mediano Y sepalw = mediano | B14: Iris-virginica | C14: 2 | D14: virginica=2
A15: petalw = grande Y petall = grande Y sepall = mediano Y sepalw = grande | B15: Iris-virginica | C15: 1 | D15: virginica=1
... A18: petalw = grande Y petall = grande Y sepall = grande Y sepalw = grande | B18: Iris-virginica | C18: 7 | D18: virginica=7
A21: Representación compacta
A22: Vista de árbol simplificada
A23: petalw
A24: ├─ chico → Iris-setosa
A25: ├─ mediano → petall
A26: │ ├─ chico → Iris-versicolor
A27: │ ├─ mediano → Iris-versicolor
A28: │ └─ grande → sepall / sepalw
A29: └─ grande → petall
A30: ├─ mediano → sepalw
A31: └─ grande → sepall / sepalw
A33: Nota: cuando un nodo ya no queda completamente puro y no hay más atributos útiles, se toma la clase mayoritaria del subconjunto.
